Arhyhari@gmail.com:Ganjil123
ArielPascua:Ariel2001
ArifHyuna:Manjung951
Arifakasyah0108@gmail.com:Aimal123
Ariferdiansyah600@gmail.com:Reza01
Arifp5245@gmail.com:Arif12345
Aril_ilham:Aril011005
Arkain09:Arkainmedina09
Armstrong25123@gmail.com:Putanginamogago
Arsalsiddiq93@gmail.com:Leworeng02
Art1352538:Art1352538
ArtBotYT:Aaio2006
ArtixgamingX03:ArtixgamingX03
Arveen12:Arvin12
Arvieabelardo@gmail.com:Password27
Arvintmth@gmail.com:Riasgremory
Arvmlna15@gmail.com:qwerty123
Aryadwiwinata:Aryadwiwinata180605
Aryavian17:arya1120
Arzarsoekhant_11815:MonangCust01
Ashleywilleyabel@gmail.com:79827982
Asnigstnii27:priandika2412
Assasinnnn01@gmail.com:AkunminiML01
AstroBoy26789@gmail.com:Alhamdulillah12
Asty_saka87@gmail.com:Cocacola87go1
Aswinkhaliqsyam@gmail.com:Gobuta123
Asyafariha1@gmail.com:Fariha03
Asyifa Sae Manah:ty9I3sJA6XUoji
Asyrafgledek:Asyrafgledek24
Atabskie123:Pentakoy123
Atavir51@gmail.com:Getmygod1
Atavir51@gmail.com:JjMT432
Athalaputra156@gmail.com:Athalaputra156
Atmahahamdu:Maesahamdu789_
Attaconstic@gmail.com:bintangsayank1
Audietashml@gmail.com:Lovely77
Auramala:Auramala1
Awanato123:Awanato12345
Awitmu:Awit9p
AxElteIplmn@ntlworld.com:oa01419
Axel trate:reflection
AxellRod2811@gmail.com:Ezha2811
Ay731914@gmail.com:Putra192226
Ayalou007@gmail.com:Ayachin143
Ayaskechin2@gmail.com:Ayachin143
Ayaskechin3@gmail.com:Ayaske143
Ayaskechin@gmail.com:Ayachin143
Aysohn_123:aysohnzxcadalbert1254
Ayu01:1Sampai10
Azhar16102002@gmail.com:Azhar12345
BAHRI93:1993Bahri
BANABUNA:Sayangtata08
BHAZTIE:Szyllene24
BLAK9:1214247907
BPkentpart2:Kairo0123
Babeh_sans12:16Nov2004
Badang:BhOnE2
BadangTiktok89:Fantahaha89
Badriyahtamami7@gmail.com:Ami1998
Bahtiyor:Sibel007
BakaCarlo:Zexus16
Baktiraharjo40:bqkti1
Bakultrasi123@gmail.com:Gedanggoreng
Balmonn888@gmail.com:28021997aA
Bambang.nurdiansyah12.ac.id:Kkamurang1
Bambang.nurdiansyah12@mhs.uinjkt.ac.id:Kkamurang1
Bamby0212@gmail.com:BamBangD
Bangepus10@gmail.com:BangEpus
Bangmi1035@gmail.com:Bangmi011001
Bangsatml00:Bangsatml00
Barkuy123:barkuy123
Baruirsyad@gmail.com:Irsyad11.09
Basser_bas:Bas1270400042050
Bastamanmarten@gmail.com:Bastaman28
BastantinoSebs:BastyEparwa020
Bay_Max:nLll@A2o13BL1S
Bayu sig i:88szkj2o2o20123i44940p
Bayuramadhan35:Temon220617
Beatriz_1234:Aswadq123
Bebfatma:Bebfatma
Beet_hoven:Butterletter123
Benby321:Seanjean123
Benedictgarasmio:wasawas0127
Benedictgerasmio:Wasawas0127
Benicetv21:Canebin0348123
Benjo15:Mayann15
Benjo18:Mayann1518
Benjotolentino:Mayann1518
Benk77:Bad123456
Benkzenk9583@gmail.com:Bad123456
Benting123:Benting123
Berg8mc:Jheni18072021
Bes777:Bes777
Betojuly@hotmail.com:Abdulkawi2907
Bezerraemersom576@gmail.com:Mathp111
Biiillslick123:0957280686BiG
BillyxPRG@gmail.com:Exmpleld
Bilstupid21@gmail.com:Atubay198
Bini Fahmi:jane7588
Bintang231205@gmail.com:Semogasuksesda23
Bisarnu:Bisarnu1
Bisarnu:Relioncase1
Bl4ze2nd:Mohammad
Bl4zegaming:Mohammad
Black14:Webbespiritu
Blackbulls.kingdom@gmail.com:Erdiarga99
Blackdesert582@gmail.com:A005995s
Blackonevip@gmail.com:blackonevip
BlackyPurple68@gmail.com:janCEN
Blendo11991999:Maleteroxd123
Bobbysinaga23@gmail.com:Ninibisul11
Bobokapo99@gmail.com:Ilovechemistry
Bobrokn:Sayang123
Bobs231098@gmail.com:Dipo0098
Bocahkkn@gmail.com:Lokontol
Bolokdanial:Bolokdanial
Bonax4797@gmail.com:Jobert071096
Bondodewe157@gmail.com:Coksuleng
Borecht76@gmail.com:Fitrhyan21
Bossabbybabe01:Chummyy17
Botalpha01:Botalpha01
Botbeta02:Botbeta02
Botcharlie03:Botcharlie03
Botdelta04:Botdelta04
Botdelta05:Botdelta05
Botgolf07:Botgolf07
Botolsprite:Babogemoy
Bototugelan136@gmail.com:Zulvan99
Boymetfone42@gmail.com:Singxyou11
Bracy12@gmail.com:A5fPkqddjOSBao
Bramgroun@gmail.com:powerbalance378
Braxy:YHwO@u8DqB8N0C
Bray30:Akbray30
BrayanAlesander:BrayanAlesander
Breitz:pokemon sun
Brentjenver@yahoo.com:thirteen13
Brianfindra7:Brianfindra7
Brody007:Brody7777777
Buca035:Kor629811
Budi24894@gmail.com:budiman1995
Budimanhamdansyarif@gmail.com:Zahran280107
Bugeris456@gmail.com:Lukis
Bujankberkelas:Wisnu3109
Bukittengkorak456@gmail.com:Oprek456
Buladacoxyrusjohn@gmail.com:Xyrusj
Bunghamdan01:Hamdan1011
Bungsutsss:MobileLegend
BushiGT:Roeji143
Busikintil@gmail.com:busikintil5267
CAPRICORN289:Qwerty12345
CERVHERUZ:41495562nko
CHARLD:NirmalataLeisangthem@gmail.com
CHOOKLA:thirteen13
CHOULEI:Gusion
CUPAPI:Madzak123
Caaoo17@gmail.com:Caca12345
CallMeKafir:Callmekafir2009
Callmeshaind@gmail.com:Shaind2004
Calvooo:Siatama
Captain473:Omni23
Caramellb:caRamell123
Carljustinesollestre:Zexus11
CarmonaGG@hotmail.com:19375fdT
Cartas11:JAMes11
Cautions:Crispascualcris
Cdave968:Candycrush
Cds021207:Passworddave1
Cecepizqivivo@gmail.com:KataSandi
Cesryjane:Edsel123
ChA1510rloTt:Izam019
Champagnecajucom07:Payne212u
Channel: https://t.me/aGM2rSBVnNU5ZTk0   Support: @LOGACTIVE - @LOGBL:Greyson2320
Channelanime32:Channel113
Chantelle07:Rain0708
Charles1523:charles15
Chavchanpisal1998@gmail.com:Chavchanpisal
Cherry2626:BabiBoo26
Chester:123456
Chhairoza11@gmail.com:CHHaiRoZa
Chhinsokvoeurn@gmail.com:Mrsv@94
Chhivyi2466:Applegoy789
Chhorn.rathmony79@gmail.com:Phalin1234
Chiquithamonica@gmail.com:Uzu123maki
Chit Tin:fI-l99dJjSiTwVT
Chrisarturo1991@gmail.com:Asia123
Chrisman200726:200726chrismaN
Christianb:Pakyouka120
Christin.bacruya24@gmail.com:Tine051699
Christine.bacruya24@gmail.com:Tin051699
Christineborja:boBo120
Chumaedijocong@gmail.com:chumaedi123
Ciunyil.kapikachu@gmail.com:Kafiekw00
Cjay0912:Cjaycenteno
Cjgarlet:Cj159GaRlEt
Cjsanto:Cj3221
Clarissetangub:TANGUB09154929583clarisse
Cloyd0919@gmail.com:Cloydj
Clydex889@gmail.com:Pascua022418
CocoPande:PandeCoco123
Cody20:ICE03tres
Coffeevikri.kogfs19@gmail.com:Kingzz123
Coffeevikri.polos@gmail.com:Kingzz123
Condes518@yahoo.com:april12015
Core2009:Coreman
CraZyfool:Yemin212065
Craftnow:CraftingTable1111
Cristi.jmk@yahoo.com:dinamoNR1
Cristian_souzaalves@hotmail.com:Iniciante0
Cristoffe08fabio@gmail.com:Cristoffe08
Criwut016@gmail.com:Riwut999
CrossXTale@gmail.com:CrossSans
Cruxxvladmir:Cruxxvladmir12
CrysllanM4:rilianunes5
Cryztof01:CrYzTof
CuadrA143:Mykamari143
Cueioembrazado:alessandra30129005
CupZDJ@gmail.com:M3t4l100
CurlyFarewell13:Curlydoggy12345
Cutiecutie@gmail.com:Namimisskonadatiaccko09
Cwjaya01@gmail.com:Paikia45
Cwjaya3@gmail.com:Paikia45
Cyberbcheck@gmail.com:Cbr332211
Cyst12:Cyst12
DARKEST010:ASDFGH
DARKEST19:ASDfgh
DDora510@gmail.com:Nisa1995-
DGeyegaming1234@gmail.com:Dgeyegaming1234
DILLLTzy97:Ubaidillah97
DMPS:aksos
DRAIVEN:Drai1233
DYLANDLIKEJ@gmail.com:Dyland_666
DablioJV:Dablio2001
Dadaxon2:DadaxoN
Daehanfirman0057@gmail.cim:Daehanfirman
Daespanha011@outlook.com:22675999Dv
Dafam577@gmail.ckm:Maulidi4567
Daffa.crystal325:b3b3k2002
Dafiarizky1234:Dafiarizky1234
Dafinaindriani@gmail.com:Dafina123
Daglosshop919@gmail.com:Security26
Daisikgaming@gmail.com:JocelynTalara123
Daisog88:Mobilelegend
Daisy_1:Bartolata123
Dakmat2000:ClydePascua20
Dalejordan29:Dalejordan29
Daliey_08:S
Dalil_jr10:Madeceng
Danangpradana99@gmail.com:Dwipradana99
Daneliya_Tuleshova:MobileLegend
DanielPutra_LRW278:Daniel301207
Daniellorica02:Daniellorica02
Daniukasyah2@gmail.com:Dani8181
Danjomaralmerez:JoMar03
Danjomaralmerez:Noelfrio06
Darennlumosbog:Darenn2001
Dark_lord3:Newws1st
Darmawan192203:Darmawan22
Darren891056:Colahaha89
Darren99:Colahaha89
DarrenD89:Fantahaha89
David45:MsYv1393
Daviqfalachudin:Daviqganteng1
Dayatponsel6@gmail.com:Murjani24
Dballon018@gmail.com:Asd123asd
Dbcosta_22:slZ3F9lY-8W0Yp
Ddy.Styawn18:dedysetyawan
Debi93:D9e3b2i0
DedesGwapo@gmail.com:GwapoKo123
Dedirahmat2001:Rahmatdedi171201
Dedykrnwm03@gmail.com:Dedyk170321
Dehanhernanda124@gmail.com:Dehanhernanda
Deion_connell@hotmail.com:Cheetos
Dekhrist@yahoo.co.id:dekhristmaykgkandati131286
Delikitty:Delikitty123
Denden143:Denzjin12
DenisZinll468456@gmail.com:Denis468456
Densyrfaa@gmail.com:Justin123
Denukarya@gmail.com:denualtamismalik
Denver152002:Denver123
Denzo6038@gmail.com:zoden6038
Depressi249:F4D-@elOsdKxjE
Derlan:lKi0SVu3us8M-YZ
Destrock:78775350Destrock
Destrock:Marus2020
Devaputri170@gmail.com:Deva1234
Dgj853:Jacob0310
Dhafar:Dhafa28
Dhegun629@gmail.com:Dede2707
Dhil123:Dhil123
Dhooleonn@gmail.com:meinkampf1
Dianekamargianto412@gmail.com:Dianekam
Dianhark:Milicantik1
Diggiemu@gmail.com:surabaya20
Dikiabd21@gmail.com:Gampang123
Dikyfahriansyah08@gmail.com:Pendol1507
Dila.ghazi25@gmail.com:kayumanis
Dimarziinho@gmail.com:230873230873Sid
Dimasricoanandar@gmail.com:Keylogger123
Dimassakti@gmail.com:dimasSAKTI
Dinjo:Killerxd
Dinjo@yahoo.com:KILLER XD
Djbusa17:Darylbusa09
Djitfen89@gmail.com:Screen007
Dmcz17:Zabaladan17
Dmon40:Akunml213
Dodossv8888:Dogaming9999
Doelhafid:Doelhafid22
Doellatiep4@gmail.com:250103
Doellatiep4@gmail.com:MLgantilagi2019
Dondonpakol@gmail.com:Ridge1
Donitamara1004@gmail.com:Doni13Tamara
Dosalohbang@gmail.com:Valent
Douglaswilkenn@gmail.com:Pimbo123rexsd
DousMerah66:Krengsenganbabi02
Drackmoon:darmawan588
Dragonmanlik:Dragoh
Dramatic_llama:Rosalyn12345
DricKiller:Hentaiisgood
Drive.eln2020@gmail.com:Sarden2001
Duel_Sampai_Mampus:MobileLegend
Dulguunkyuubi@gmail.com:99332226Dul
Dusevangelista@gmail.com:Granger09
Dwguna:Bali12345
Dwicky123:123456Aj
Dwitie203@gmail.com:Ngontol
Dyoun.photographer@gmail.com:Ph0t0graphy
Dzalaidi:1122157
DzamPakto:FIONMELKAVOD22879
Dzulfi2001@gmail.com:Dawir111
EMEL FOR THE TRHEEE:Va7U_v6KedV_OnX
EVANGELISTA18:Roseann18
EVANGELISTAROSEANN:Lorrence18
EVOSGaaa:Yoganopr19
EXPERT1:C0456bnm39737
Earl123x:Earl123xx
Earlvillanueva345@yahoo.com:Bhabyko0819
Eblitz45@gmail.com:Royal2022
EboniT:xyu225pot
Edisontamayo13@gmail.com:EdiSon
Edogami2001@gmail.com:M4tcurut
Edzelesmera@gmail.com:Edzelesmera2325
EgaMarlidinata31:123456789Ega
Egiaya3:Egiaya3
Ekalsfia@gmail.com:mcr797988
Elbegjargal7@gmail.com:pn10242817
Eldarmlbb:BugojnoDanas2111
Elfuertee0829@gmail.com:Elfuertee0801
Elhalaby:G9603g
Eljohn22:Eloisajacinto22
Ellewenceslao10@gmail.com:8100Wenceslao
Elvintan:Tanelvinks123
Elyakuza24:Esecresy143
Emperador31:Mmarkmmark
Endangpurwantie635@gmail.com:Agussusant0
Engkayau:koko20001
Enhjinsoylbat@gmail.com:Enhjin0218
Equestner:Equestnerpro123
ErZaCraft@gmail.com:ErZaCraft
Eres22:Torchwood
Erfanapriandi3@gmail.com:Kurupuk09
Erickzlai@gmail.com:17122003a
ErinaYukihira:Pennyjoseph23
Erlan293:343007Era2
Ernics:Ernest8767
Erronpogi06:Erronpogi06
ErrorChitkoko:Chitkoko
Erwinmaalik:Erwinmaalik1
Esniiker@gmail.com:Pedro86980662
Eudorafx:Banners123
Evandhi06:StyEvandk220106
Evangelista16:Rochelle011205
EvangelistaRochelle:Rochelle011205
Evansijabat:Evansijabat12
Evelyncute550@gmail.com:C3linE170397
Execrationturbo@gmail.com:Minato123
Expert0493@gmail.com:2710Ded
Ezra2187843:dkw@1234567
F3de94@gmail.com:Fede4833955
FADLAN25:MamaAbah8
FAHRIMIFTALHULIZZAM@GMAIL.COM:Fahri123
FANNY586@gmail.com:FANNy586
Fabulapatrigee@gmail.com:Jfrywlydn
Fachrulrozi706@gmail.com:333Bhunjihjk999
Fadhilmondri:Fadhilmondri
Fadliesado:Leng001220
FadriaLendra@gmail.com:FadriaHermawan33
Faeisyaluk@gmail.com:Alip200
Fafakeng14@gmail.com:Lek09213896616
Fahmisinggih7@gmail.com:Farrelprtm
Fahrulrochman:Fahrul
Fahrulxrozi@gmail.com:Janganlah26
Faiqdwi156:Faiq156
Faisalfarhan333@gmail.com:Farhan333
Faizal5ical@gmail.com:Faizal5
Faizal_24:1Sampe11
Faizz2004@gmail.com:Ahmadfaiz09
Fajarriantono@yahoo.co.id:123Fajar
Fakhrurozi89@gmail.com:271979Zy
Falahkun:Falah113
Far-relprtm_052@gmail.com:Makasih
Far555a:Abdullah99
Fareezhafizi08@gmail.com:Fareez0585
Farelarieffadila@gmail.com:Farelkeren132
Farhanbcs2002@gmail.com:Wakwaw
Fatah.adul11:Kuliahmadinah100
Fathinbncl007@gmail.com:Fathinnbncl007
FauzanRaizel:Fauzan123
Fauzanhanafi26@gmail.com:Fauzanhnf26
Fawazihadi@gmail.com:Fawazi29
Fayied72@gmail.com:Minggu1103
Febri:febri@123
Febryan1988@gmail.com:29NovembeR1959
Febryan1988@gmail.com:29november1959
Febryan1988@gmil.com:29NovembeR1959
Fentidea@gmail.com:Fenti123
Ferlyndolix123@gmail.com:Liamcute123
Ferychand@gmail.com:Persija20
FiRe_upward:Fre4566
Fiddlesticks2019z@gmail.com:Fiddlesticks2019@
Fiddlesticks2019zx:Fiddlesticks2019
Fiey16:oOconan1412Oo
Fikri.rivaldispansa001@gmail.com:Fikriaja130402
Filsasatri48@gmail.com:flssst13
Fiorenzafebiola@gmail.com:fiorenzafebiola2009
Fiqihcute_93@gmail.com:1993Fiqih
Firdaus1717:F1rdaus77
Firman.fahri08@gmail.com:Firman08
Firshanii997@gmail.com:firzana180
Firzana560@gmail.com:U-QKb80tREEpQrF
Fitriaqurrotun@gmail.com:Radius53
Fkrsyandzrol:Mlfik02
Flaming_goose:f123578F
Flicked:dave123X
Fodanabil22@gmail.com:business132678450Foda
Fpj0245:09510966948
France_iris:france2020
Francesvelasco:110400
Francis1137:Iviah276
Franco7171:Mp4798
Franjel13:Franjel2003
FreddyAcc:Fredis15
FreeWifi:saNaall
Freshlaw002@gmail.com:Chaos5301220
Friskyazhari295@gmail.com:RafiGanteng12345
Ftraa08:Ftraaganz
Furkanesaisbilir12@gmail.com:Furkan1249
Furkanestisbilir12@gmail.com:Furkan1249
G5842iulia:iarl15334HeK
GEBStv_gebo:Gebstvsakalam
GIANALTEVO:Gian123
GLOBE SIA@ZAC:12RH5J11NY1
GR king :ePtSL6T9KJ6zYT
GR king:ePtSL6T9KJ6zYT
GSauceCries:GSauceCries
GSgara@gmail.com:GSgara
GUEST:Reignc30
GUNDHAMLUH:Gemblong
Gabriel_Second:VbeAe293jOcEFp
Gagas249:Gyrkmh00yf
Gagay_30:Sheenamarie30
Gajeerl:71913560
Galactic365:L@xDRrI7bHM40eI
Gallego18:Benjo18
Gameashop1@gmail.com:Rijal24061999
Gameluu61:anajorang52@gmail.com
Gaminggs822@gmail.com:Reikh123
Gampang15:Gampang15
Gamzing2004@gmail.com:NextJack2004
Gara2game2@gmail.com:Terserahlu1
Garpu33@gmail.com:Update87windows7go1
Gatasemugama@gmail.com:Gatase123
Gauden15:Lg1121
Gelaspecahygy221:PinceN
Gelyn_:Jhealyn29
Gemborr:123456Seven
GenaroJr:Password
Gene_1505:Gene1505
Genuel16@gmail.com:@Genuel16
Georgecuray3:Ayuban17
Ghamerz17:agham1704
Giadchou10:12ling2Chou
Gian_Delacruz:Gian21@gmail.com
Giancrl18:Giansama
Gianluigi_13@yahoo.com:Dove0213
Giazetta.nugroho:smartwhite1821
Gilangtibot@gmail.com:Gilang123
GioL251220@gmail.com:Bernardolaeno251220
Gioescalona0828:Gioescalona0828
Glightrime:Rxf0K2SdGQfPSH
Goblin14322:Goblin14322
Gogo:hogo
Gogogoxo22:Go2222
Gomotutuu@gmail.com:Turbat
Gordowiil@hotmail.com:Ts17031994
Gosengusion@yahoo.com:Remotasker221
GraceMac:graceduenas02@gmail.com
Grandong12:Grandong
Grangercollector125@gmail.com:Cupuloe18101991
Greymorningstar14:Qwerty1414
GsDeagle06@gmail.com:Deryaderya1
Guiwikiet:Chaosk1nqz
Gundam45:gundaM
Gunturhilal:Hilal761
Gustiwulan0024:Delalune0224
GwapoKyoko:OkayKyoko
Gwapoj970@gmail.cok:Akolanggwapo99
H2GOK02:jelbert2nayeon
HAP 34:GTixiJ-UgflS0t
HOSARD:HOSARDDALIRD2
Hafizhkenzieradi@gmail.com:Bdgjkt15
Hafizuddin0257:Hafizuddin0257
Hagr1692003:Abc123
Hanilyn22:Hanilyn2022
HannahAngelica818:Masterkosishanne
Hanzz12:Raihan123
Haqqynurmuhammad@gmail.com:Haqqynurmuhammad140503
Harunalung25555@gmail.com:Alung25555
Hashshidiqy7@gmail.com:Sampoerna9
Hdhdhd:hdhdh
HealerMan:healerman2001
Heangdenis468456@gmail.com:Denis468456
Heinrichmanese017@gmail.com:09451167965John
Heistmercy:Fannyuserme
HeliumDistorsi:BooBooBoo
Hella24:Ica2002
Hendrakawulusan1@gmail.com:Yashinta17
Hengker_Tzy_:HengkerTzy01
Heray002:Heray002
Heruztin:4eruy0st1n
Heryeko4@gmail.com:Semangat12345
Highlanderdias@gmail.com:High1993
Hikarujiro09@gmail.com:Akujuara123
Hikori Keiko:G-d_0XB9QMy9FNV
Hilman10:Jancok12
Hinata_shoyo25:Hinatashoyo
Hj0128id:Siwon04122018
Hnineithazin3896@gmail.com:146940Hein
Hockloy007@gmail.com:097576657
Hoeurng001:Hoeurng001
Hongyoulin:Hongyou123
Horseduck1234:C9WMIOTm_oCfpz
Hotdogisgay:Everestisgay12345
Htethtet@gmail.com:Htethtet2000
Huimorga:19601104Ivan
Hyuanjamesprudente1234@gmail.com:hjprudente123
Hyun_Mil:Sepatu234
Hyusuf273@gmail.com:4Z4134lL4h
IBOONGRR_:iboonG1804
Ibindragame22@gmail.com:Gusindra212121
Ical21:Jancok12
Icicell441@gmail.com:Jemputan16
Idan.yes08@gmail.com:12344321idn
Idtrucker3@gmail.com:RealRey36
Igno136552170022@gmail.com:Sheperd7
IgorCaetano910@gmail.com:Igor090218
Ikanfish:Amampoyo12
IkfenaIsmahMaula:KavinIIM
Ikhwanrafif98@gmail.com:Muhammad16
Ikwanun:Onembute01
Ikysarky:Ikysarky01
Ilhamagungmulya42@gmail.com:Ilhamagung765
Ilhamjuniorvelaskes@gmail.com:Halim814
Ilhammalik216@gmail.com:Ilham05
Ilhamnur7296@gmail.com:ilhamnur72964626
Iliqnganev90@gmail.com:I0883555221g
ImVenandVen:Venandven_2000
Imantegunsantoso@gmail.com:Binanga000
Imissmyex:Ju270504
Impro123456:Killer123
Indah_0402200:Akubisa08
Indahsaripro@gmail.com:Propleyer21
Indahsw24:Indahsw24
Insongmomar@gmail.com:Sixes9
Introvert_30:Alonebitch
Ipankcocx@gmail.com:syifaulfulasyifa
Iphxffjh:Latifah2
Irdasfauzy2828@gmail.com:Namakamu28
Isaac0303:Jhonpogi
Isaac0306:Isaacpogi
Isaac0307:Lingpogi
Isai:XN@5CdLkIcp7zu
Isawalinasazahar68:11200088
Isawalinasazahar68:Azhar1234
Isedoyl:1q2w3e4r5T
Isiah.ordono@yahoo.com:Killermoves11
Iskarobis:Ishakkaseh29
Isladean124@gmail.com:Deancedric123456
Istongprokotoy:Mahalko1415
Its_Econn43:Hejron123
Its_YMH:Yazid132
ItzFoehnRevolt:ItzFoehnOmega7/7
ItzSmarmy1245:allratha2010
Ivanus88:cb8jiXHJ
Ivyaguaso21989@gmail.com:MLislife19
Iyak Mo Yan Boy:q@3cTzP8ukWHr_K
Iyanz_018:Febriyan2005
Izraakbar737@gmail.com:Fawwazan
Izzykomando456:izzykomando567
JARS01:Azka282
JFOLnatsu420:DcOELwpm_6ja2k
JMGeronimo123:878965JmJc
JYNOSYDPLAY:10302010Xoxo
Jaajaawww1@gmail.com:Jajaw1
Jabezjimenez1@yahoo.com:Aaron002
Jack64008:Jack64008
Jackjoestar:JackJoestar25
Jacklyn_20:Ranel27
JadenSmith:09270328232Clay
Jaero310@yahoo.com:WmZcMRwDsAvX945
Jamalrossi:Madeceng79
James31x312:Montibon1
JamesBalde7:Jamesbaldegwapo
JamesGwapo@gmail.com:Akolanggwapo99
Jamespatrickbahian@gmail.com:Bahianjamss
Jananuraga1236@gmail.com:jana1236
Janoshkiss1404@gmail.com:Kiss1404
Janshena:Shienaviera
Jaressen_16:Jakani123
Jarille13:Buriza313
Jawajungler@gmail.com:Jawa123
JaypeeAlonsabe:09175453239Jp
Jayr0102:Jayr01
Jayveehernz:3251413
Jbcastro12:JbCastro
Jechoruelo44@gmail.com:Ruelojechonino
Jedelyanibas26@gmail.com:Assminonly122619
Jeffdelgado1227@gmail.com:09382637297
Jeffreybelmores04@gmail.com:Jeffreyburat20
Jeffri805:Jeffri
Jenredopdo@gmail.com:Jhennared0322
Jeong_:DuaJuli
Jerald00825:Jerald000825
Jericho1116:Echomp16
Jerichoyuzon@yahoo.com:Shanine0911
Jero_nyra:Jero099290045
Jerrykopriva@gmail.com:Jaroslavkopriva999
Jerryme000:Jerryme000
Jglunaperdomo@gmail.com:Kakashi25
Jhaninecalli@yahoo.com:Laterosa805
Jhoetenge1928@gmail.com:Cipayung
JhoizBermudo@gmail.com:ixhXer7@BklKzZ
Jhondelbolado:Valers014
Jhonmark:09952714165
Jhonmarkjudilla8@gmail.com:Jjdecember123
Jhonreaper:Dhaka231
Jhotenge1928@gmail.com:Cipayung
Jhunardincano:Jhunardin
Jick11:Jordan23
Jicmarlopez259@gmail.com:amazing2001
Jigsaw_09:Gago90
Jigsaw_09o:Bibiko
Jihadanb@gmail.com:jidan070803
Jimmy_02:pesalbon
JimsonDelostrinos250@gmail.com:JimsonDelostrinos250
Jimzkie91:Jimzkie13
Jirjat90:satrioLanaaa
Jmatira:JMmatira
Joaquin_domagoso012:Joaquindomagoso012
Jobertvillanueva28@yahoo.com:Shinchan23
Joean_rifky:Laba1M/Bulan
Joedra159:Freedom159
Johanqwert:Johanqwert
Johncarlosollestre:Zexus12
Johnchristop19@gmail.com:liahpot19@hotmail.no
Johnerron09:Johnerron09
Johnlorrencemontillano2@gmail.com:John15
Johnmichaeljazmines1:Magalingkaba11
Johnsantos:Cj3221
Joichiro23:Joichiro23
Jojo17asd:Smadav21
Jonday90:Rampage
Jordanmentang077@gmail.com:Lovejesus
Josenatanaelpoke:a1e2i3o4U5
Josh.osv@gmail.com:Rakunku24
JoshuaEscob123:Ikawatako143
JoshuaPayoyo:JoshuaPayoyo
Joshuaalcanzo:alcanzo1100
Joshuamontano260@gmail.com:Chrishell1020
Joshuamontano260@gmaio.com:Shang2020
JovanieDoggie:AsO123
Joydcruz26:peekaPOO
JrBeastPews:XxamberlyxX
Jrmapogi:Jrmapogi
Judexx:Judexx
Judies:Judies
JukaCostta@gmail.com:Junior1
Julian22ft@gmail.com:Villavictoria1421
Juliandanifikri@gmail.com:Fikri12345
Juliusdalimot1423:Dalimot2019
Juliusdalimot:Vinsmokesanji
Juliusgunawan920417@gmail.com:Juliusgunawan17041992
Juliusmaniego26:Mahalcoh123
Juliusylarde@yahoo.com:110315Darth
Jumasanmanti:Hasdillah
Junai2022:Junai0312
Juravenger@gmail.com:angelofdream99Q
Justgame4454@gmail.com:AkaShiro002016
Justinarmelia@gmail.com:Japoygamingph
JustineVillzz20:Justine09263328291
JxckMasterYT:Nabil750612
K3ymohalim@gmail.com:K3ymohalim
KADRI123:Kadri1234
KAI2ERmc:12345678910
KATIEi:Mal_nIo
KENYTHEFLASH:Kenilson
Kaaamrcl@gmail.com:garenA90
Kadeaditya02@gmail.com:Dragneel
Kadekungu:jarijarI12
Kadri1234:Kadri1234
Kai:Abc123
Kailoopy:Kailoopy
KainaF123:....c
Kamiiikami2808@gmail.com:Mimin288
Kamoteclub83@gmail.com:Teanojasper0912722
KanekiHaize8@gmail.com:07061978
Kaner0109@yahoo.com:Magicuser
KangBedok_10:Nasional123
Kang_daniel:Diana032803
Kanghyesoo_:Sophia02
Kapitangtiago69@gmail.com:Daddy_Mommy
Kaptenkocak3768@gmail.com:Nursyaban1
Karakusuma14@gmail.com:Yaiyoo07
Kardiadecadence:Igor646423
Karlacosin172018@gmail.com:Karl22146
Karltherenz:KarlQt
Karoliss1998@gmail.com:Eiknxx123
Karolynnecoelho@gmail.com:NninhaGames2021
Kasaki2463@gmail.com:Kasaki2463
Kasyfi1857@gmail.com:Inovasi2017
Katechellone@gmail.com:Chellone0607
Katedump090@gmail.com:Junmar11
Kawanakram10@gmail.com:Faza10
Kciwatiwan015:BawiSundel
Kellyoscar609@gmail.com:Boss609@123
KenArokk:Ghani6
Kenarip400@hotmail.com:Ladangcuan123
Kenji.arial@yahoo.com:Keenandra99
KenjiDacalos@gmail.com:Candyisnoob
Kenneth:kenneth2208
Kennirafael12@gmail.com:Kenni123
Kensell0857:Kensellken1
Kentangelo1234c@gmail.com:Skyler1234
Kentjayerongato:Iamaireesj2003
Kepalabapa_kau:Taikotai123
Kerkpol:TTs300
Ketutjoni13@gmail.com:Arimawan321
Ketutmardiana982@gmail.com:kediri02
Kevinmarcos76722413levin:76722413kevinlevin24
Kevinmarcos76722413levin@gmail.com:76722413kevinlevin24
Kevinmontania:kevala23Z
Kevins1505:Cher1505
Keynangaming04@gmail.com :Keynangaming
Keynangaming04@gmail.com:Keynangaming
Khairulfajri005@gmail.com:Amatir96
Khairulmaza@gmail.com:Baong123456
Khairunlatifpanggabean@gmail.com:Gendut045
Khairunnisa_nur_rahma@yahoo.com:Akulupa
Khalifa000:Rayenvip123
Khamsumdw:Khamsum2003
Khatimahh955@gmail.com:Husnulcantik
Kheysamaulin@gmail.com:Ecacantik17
Khmrnha:Khmrnha123
Khmrnha@gmail.com:Khmrnha123
Khogoodusop@gmail.com:Muhammad7200
Khonga40@gmail.com:Boloto1996
Khristineagan1616@gmail.com:Manzano1996
Kido1699@gmail.com:Zrn133124
Kierbydris0:tanginangbuhay
Kikiwolfboy:muhsubhan123
Killeeboo123:Yuancalyx20110318
Killerpolk03:killer03
Killerprasanga:killer123we
Killuazoldyck5:Kyletiagan13
Kim min su:swordknight
KimZasen:LilKs003
King Authar:2o519950
King040191@gmail.com:19TRIking91
KingFroi0714:KingFroilan07
KingPhil:KiNgPhIlIp
Kingandreidfrancisco@Gmail.com:Kinganne4224
Kingidham12:Garena123
Kingkingmaasin@gmail.com:kingking123
Kingpredator99:Predator9122001
Kingriko23:Kingriko23
Kipaa:akhghzz2020
Kipasterbang1994:Iemiey94
Kirigaya27:Malaysia
Kirill703:L
Kirk100rd:Wayne08172009
Kirto:iloveyou
Kirzha24@gmail.com:Mahalko1415
Kk1641dilshanc12@gmail.com:Kavindu1641
Kkevinjeremia23@gmail.com:Kkevinj2312
Klarante:Buratsicola
Kloditrik27@yahoo.com:Tinapatklo271618
KoNiChiYaWa19:Xbreenet912
Kokotz.kt@gmail.com:maddogkiller570
Kokovin8899@gmail.com:Shen1905
Kolonk305:Kolonk3055
KonMyth:Sonth3844
Kontolku1097@gmail.com:2Anakkembar
Kontoru99:Santeba1999
Kopisapi69@gmail.com:Kopisapi
Kranoss:K12345
Kristhianfontes10@gmail.com:Dragaonegro
Kristianfontes10@gmail.com:Dragaonegro
Kristiansaylago885@gmail.com:Kristian2203
Krungy.sc@gmail.com:GDragon21
Kruypengnim@gmail.com:Pengnim009
Ks1505:Kmrs150500
Ktoya2844@gmail.com:R4lss
Kujalahanam@gmail.com:Yudacollen123
Kukuhedi1122@gmail.com:BEATaku
Kupalmo111:Kupalmo111
Kurt123:kurtkt
Kusmadimendrofa@gmail.com:R101294m
Kutangsss:MobileLegend
Kuya111:Kuya111
Kyaw Myo Latt:Kml078839
KyleTokisakiZaragoza@gmail.com:Koronekyle
KyusTzy:Naruto123c
KyusTzy:naruto123c
KyusionTzy:hakdog123c
LENGAYENPAPAGASINAN:songit
LOLSmileyFace:JustJaycob679
LZarenk:Lvd0611
Lahapa999:Kdw123
Laisimodigital1000:techn0l0gy04
Laksmiasa11@gmail.com:140800
LaloK16:Lalo1609
Lalpeksang@gmail.com:Wadgets123987
Lancevidallo11:09193328509
LauCh1an:ReN0308
Lawrencecompleto09@gmail.com:Lawrence
Lcdin1:Lucas2013
Learsilem:Cierra123
Lee.jin94@gmail.com:Miftah88
Leogendecin@gmail.com:Adyzero0419
Leonard8910:Fantahaha89
Leonardo:n4af2xbQlptrWI
Leonardodavinci666@yahoo.com:1Arext1ar456
Leonardoluciano22016@gmail.com:Leoncinoo
Leonardomorads@gmail.com:Leanard09486972325
LesleyGood:Setanalas
Lhadren66:30021972
LiYummy:Liamwarren120401
Lia3:KqT2B@AiGWE8Mb
Liaindriani2405:Indriani345
Liaindriani2405@gmail.com:Indriani345
Lianasinana6:Dilia909
Librengmansanas88:Community08
Lien_zo:Lienzo968
Lilanemaugusto@g mail.com:Vinzaugusto
Lilis.zoom@gmail.com:99Kikuk99
Lilpuma:GONDOm
Limzy1401@gmail.com:diTo838383
Ling_Pro693:Lingpro693
Linggo12:12Ling2Chou
Liones87:Liones87
Livdnch:kevinchI2009
Livia_0605:Liexiawen05
Liya362:Liya123
LockedByKnight@gmail.com:Monyetanjingdanbabi
Lokango1975@gmail.com:Keys1579
Lolgamer:Jashie
Lolo2631991:Abc123
Londom123:Maleteroxd123
Lopezascencioe@gmail:edin_12345
Lorracebryant24@gmail.com:092400Arci
Loudrinatag@gmail.com:Ayiq0422
Lovaya25@gmail.com:Lova1234
Loverkiss421@gmail.com:L21C636B567a
Luan22lcdf@gmail.com:coelho22
Luffysenpai14:Vinsmokesanji
Luke05:Jancok12
Lukeremiel:Jetro2020
Lukeremiel:jerica222
Lulu_lala35:Kristlene9090
Lulunoa11:ZdOCn31jZY9d@8P
Luluy326@gmail.com:thutazaw1
Lumainhazel@gmail.com:Lumain5251
LupaNama011406@gmail.com:Dimplon123
Luqmanfarouq.rizal70@gmail.com:Luqman038
Luroa555:AeUpp6fgUKzL5H
Luroa@913:Dlta5pVfJFOHV
Lygienmerhylcf@gmail.com:merhyl2000
Lylgod:Arlindosequeira
M.Rifqi.Anfatahillah@gmail.com:2019036614082006
M.pereira54682@gmail.com:Markinhos1234
M7mdLove41@gmail.com:mM@9446839
MADBOYTHITHER2:mynameismarc1
MATTHEWNODAG:matt_0703
MERRYGRACE_21:Merrygrace21
MKHT 2011:201168
MKKAMyoko@gmail.com:oN8Rol9mY4JK@1a
MMK123:Adi120895
MMaqousi83@gmail.com:Mosone1
MOSTAFABEHIRY:Mostafaelpop
MRN00B:
Mad220110:100122100631
Madaracz:Flybikes1
Magnathorax:Magnathorax13
Magnum_Mild234:Djancoek
Mahrussurur157@gmail.com:Gintangan
MaiconHenrique525@gmail.com:Eus0mais
Maira_758:T4m4tech
Makun3912@gmail.com:WiRa376
Malaikatc295@gmali.com:Singkayo20
Malubay2244@gmail.com:Ayangaming
Mamhiecko:Feb172019
MammothCamel2:M4rleybear
Mang_buki:19989898
MangalaVira:Roblox
ManiMohamed2000:01001828310Mm
Manithchanny23@gmail.com:Heyjolmk
Manofirdaus@gmail.com:h7kc51m540ASD
Manuel75.mmbp@gmail.com:Onepiece92
Manueldelfinjr:Manuel1201
Manusiaganteng348:Lesnusamega123
Marc Fhil Sundiang:mf0150110011
Marcelimalc@gmail.com:smalec123456
Marcialedgardo866@gmail.com:Ronajustine
MarcoMedrano:MarcoMedrano
MarcoStarLovers:MarcoStar2007
Marconli:Judexx
MarcosmmMarcelo@gmail.com:7
Marcosmmmarcelo@gmail.com:75320505tT
Mariallagusay@Gmail.com:Remrem213
Marianag2007:Marianag2007
Mariivanna06:S
Marinaa123@abv.bg:767995aa
Marisagemelli1@gmail.com:masquemerda1
Marjonshawn:09234791983
Marjunlunagamer:Leewin123
Markangelofeliciano22@gmail.com:Akopa223
Markbelo28:09362033148ABCd
Markmedrano:markmedranopogi24
Marsafadlurahman29:Fadlu0863
Marsafadlurahman29@gmail.com:Fadlu0863
Marshmadope:Heatman12122
Marycar1211:marycar1211
Maryjoylumasay01@gmail.com:JoY12345
Masginan22@gmail.com:Ginoainun
Master.masterfrapper@gmail.com:Brochamin214
Mastereklabu14344@gmail.com:Mattew
MatKilau:F123578f
Matalino768@gmail.com:Linggaganz
Matmat2091:Domination20
Maulanaalfany@gmail.com:Dani9090
Maulanaayyub456:maulanaayyub123
Maulanafirdaus883:Adzkia125
Maurillalie5@gmail.com:1634000
Mavrick1231:Max12345
Maxpain__Sin:1234567890Lala
Mayanglove25@gmail.com:123Gans
Mayann1518:Justine09
Mayanndelossantos:Mayann1518
MaygimYngram28:Yngcong28
Maykelearl:maykelearl
Mazhury04@gmail.com:290314Mn
Me012880042:Me0128800
Medon1237:Cacing12
MeilaLazy1@gmail.com:@1234567Bks
MeilaLazy1@gmail.com:MeilaLazy1
Melvinsagnoy2003:melvinsagnoy
Memakalang17:memakalang1997
Menellemier946@gmail.com:primemier_gaming12
Meng_10:batangPASAWAY
Menschteves:Mariel
Menschteves@gmail.com:Marielimissyou27
Mentis:Mentisgaming
Meow1708:Meow0808
Merve_12:Merve12
Messiah_19787595:Messiah787595
Mfsyarif137@gmail.com:Musasacha261107
MgChyi2022:Mg160213
Mhmmd.fauzani16@gmail.com:Fhauzan123
MichaelLee752@gmail.com:Mike051196
Michaelowent12@gmail.com:Ab170179
Michaeltoyota90@gmail.com:Putra277
Mickellescudero:P4tit0
Mickopiliang@gmail.com:Michaelpikoowen98
Miftahluthfifalah@gmail.com:Luthfifalah1998
Migueestudiante51@gmail.com:Contra108
Miguelilustrisimo:Jessako1
Miguelrochademelo2011@gmail.com:Miguelrocha3403
Mikasae442@gmail.com:Mekel12354
Mikasaeren123:kaKangaja19
Mikhailgicos:Mikhailo9
Mikimoko2039@gmail.com:112887Ml
MikkuSan12:Niconiconii
MikromAnt:Juriy1981
MilanPlayer:serbian7
Mimjahan:IubAt01306904138
Min321:Myat112233
Mindingahmad9@gmail.com:Ahmad5702
Minesh:Mjp1311
Misael1903:@cloud_arthouse Subscrib ArtHouse Cloud 2023  https://t.me/hfTW5AYawTo4NGJi  or V70
Misael1903:Dien1312
Misael1903:UNKNOWN or V70
Misperosjerson@gmail.com:Jetaime143
Mitaa26261:MITA2626sr
Mjcariaga0907:Mjcariaga07
Mkrt2001:Mkrt2001
Ml928429@gmail.com:Gift26
Mlbb1177:Mlbb4444
Mlbb17610@gmail.com:Syakilla1
Mlbb54125@gmail.com:Mlbb5050
Mlbb_1:Hanzoonly14
Mnaimmm:NA12aiman
Mnurjaelani:Jaelani@2001
Mo.Elroby161991@gmail.com:Mo161991
Mobarhii11@gmail.com:DevilMee123
Mobile Legends:bb4SQlwjM7Grz
Mobilelegends87@gmail.com:helloworlD87
MoboREX Orel:Moborexelo
Mockingbird7:Mockingbird123123123
Mog111M:Mog111M
Mohamed.emad0.ME@gmail.com:Kkarizma0
Mohamed777zj@gmail.com:1Wazxc5jgbb
Mohammadobing293:Mohammad09759707654
Moms24389@gmail.com:Sadow999
Monansci:Papagaio11
Monerhex39bg@gmail.com:Kiki03052006
Monkeyboy2022:Monkey
Montondable@gmail.com:Anjayy97
MoontonML0626@gmail.com:MoontonML26
Moontoon1280@gmail.com:Kratos132
Morang66:morang66
Mostafa123456:Mostafa678
Mostafabeda47@gmail.com:0482944403Tefa
Moymoy:ivler082019
Mozartarcenas84@gmail.com:09054242657
Mr.muffins17:JOBERT17
Mr.nobodies@gmail.com:user55555
Mrdharan:Dharan
Mtg9727:Lino9727
Muhamadiyangg@gmail.com:Akmal4455
Muhamadmahfud192:Muhamadmahfud192
Muhammad.ammar17007@gmail.com:Ukyperdana
Muhammadarifhidayat591@gmail.com:Katasandi1
Muhammadfaaadhil@gmail.com:Azkaaja1234
Muhammadirfan662@sma.belajar.id:Calonsukses2662003
Muhammadshaleh762@gmail.com:123456789Ms
Muhgaffar18@gmail.com:Kopisusu
Muijalan7@gmail.com:Muijalan7
Mukarakat_01:Hiab050399
Muminooo123:Muminooo0
Muminooo:Muminooo0
Munajatcinta1995:Munajatcinta99
Munkhtulga21@gmail.com:BiLguun2003
Murtt3466@gmail.com:Murat6634
Mutaqin710@gmail.com:Anam123456
Myat Min Hein:fCEB6aBamp@60Q
Myicch00@gmail.com:1Q2W3Eala
Myth3deer:Sonth3844
Mytoxicshop@gmail.com:Mynayra050800
Myusupharun25@gmail.com:Alung25555
N.mutiur76@gmail.com:Nashwan2004
N/A:N/A
N1njaa:Qal1ep
N3XO:nNU4YVB_yBbSop
NItoNielNicolo:Adonis05
Nadinedelange211@gmail.com:Sikakaganteng
Naikyawmin:Kyawzaya1991
Naingzaymaung1221@gmail.com:Htet3344
Nairu10:Maulana10
Nandaherlian36@gmail.com :Nothingdrag1
Nandaherlian36@gmail.com:Nothingdrag1
Nandaop1233:Nans2233
Nang26162@gmail.com:Nang26162
Nano:Kt6KNB9M_u_Wvg
Naruto@gmail.com:Naruto16
Nashydsupremo16:nashydsupremo1621
Natan_1984@outlook.com:N1AT2A3n
Nathasyaaa3:Nathasya13
Nauzrilseptian21@gmail.com:Nauzril2010
Nayanikaeunoia13@gmail.com:Nayanika13
Nayanurwahid:NYWHMntN12
Nazairul2200:Nazairul2000
Nazairul_2021:Nazairul2000
Nazatul.najihah.581@gmail.com:Syaoran1320.
Nazmihamidi@yahoo.com:asmidi92
Ndangwantogia7@gmail.com:Mobilegen180597
Ndaru1062@gmail.com:kentangrebus_654
Necromrose:Necromrose123
Nekuh123456987:Uto090702156
Nerolokaso1093@gmail.com:alan.glenn26
NetshSharma:NeTsH123
Nevanraditya656@gmail.com:Putunevanwidhiraditya
New_FISSY037:bloxburg
Newakunmil998@gmail.com:sholihin982780
Neytt1:Nateg123
Nfpratama:Nfpratama
NgakTauAku:Saragi250703
Ngarofahbontang@gmail.com:Arofah70
Ngntd_4646:K0nt0lbapakaupecah
NickVpower061:tutugostoso
Nico.kantonen@hotmail.com:Patrik1234
NicoNicO:jhayjbasdzxc
NicoleLastimosa16:ObeyJesus777
Nics:123456
Nightslayer4046@gmail.com:Wahyu100502
Nightyuki71@gmail.com:Apisa1234
Nikoartama_321:Merdeka1945
Nimenzo_:Nimenzo15
Noahrwiggs@gmail.com:HappywheelsHappywheels
Nobygalang@gmail.com:Nobygalang1982returns
Noelquiroz65@gmail.com:Quiroznoe26
Noi022:Parolaneudacnik2468
NokerADMD:Juniorloko
Nontvip123:0932943230zaNont
Nouen21:18April2020
Novalda53@gmail.com:Dosire172
Nthsls13:Nathasya13
Nurpaardian24@gmail.com:Nurpa123
Nurulhanna:Nurulhanna
Nuza_2547:nuza_2547
Nyetagaming:jearalarjonh154263
NyiNyiZ:NyiNyiZaw2002
OKUNEKK:153759153759Gg
OQuinnEdden:020106@Na
Octavianusitnil22@gmail.com:Octavianus22
Odading099@gmail.com:Bibgans666
Odadingm099@gmail.com:123456
Odadingm099@gmail.com:Bibgans666
Oki@gmail.com:Oki85549
Oktaadonaralewo@gmail.com:Anakkuixia05
Oktanew17@gmail.com:oktastk1903
Oldest_Dream:haruzo@321
Olosilalahi77@gmail.com:Olosilalahi11
Omendoank805@gmail.com:Bebekbringas
Omeratef:Omer12122
OmiriMounir:Azzouzi2017
Omirimounir2007:Azzouzi2017
Omirimounir:Azzouzi2017
Omyi8j:Nn0815715152
Onedratagames@gmail.com:google123
Onichan5001:5001onich
Oraaaa0.2@gmail.com:imajinasi303
Orangeball2:Orangeball2
Ordonotrishakaye@gmail.com:trishakaye0813
Oreopaqtt:Oreopaqtt09
OrewaOreda:Nasi111212
Ormonseale20:Flores20
Osamaamr:Osama2006
Oyen3210:February122004
OyenXMoon:Nisa1508
Ozzyblu:humanimmuna47
PA91-49642-WELL42015:Aprova@1629
PERSEBAYASURABAYA2725@gmail.com:Subscribe
PPTP:xkYYF6eQHaUg
PadGaming775@gmail.com:Jeremy123
Pak_kistan:Standard600
Palu_janda1@yahoo.com:Kaliurang2000
Pandiepierreandrean@gmail.com:Pierre123
Panjiriady7749@gmail.com: @cloud_arthouse  Subscrib ArtHouse  Cloud  2023  https://t.me/hfTW5AYawTo4NGJi  or V70
Panjiriady7749@gmail.com:UNKNOWN or V70
Paranal5473@gmail.com:Habibiaj1309
Parfoulduca04@gmail.com:Patayka0009
Pariyutan.ariel@gmail.com:Arieljlk12
Pathy_082201:Patrick0822
Patrick10:annecarlagutierrez
Payne01:483166BANsale
Pedrojr122:Pedro245351
PeekyChe:PogisiGianfrfr
Pegasus_13:78Anna
Pejay_23:bRu8rusu
Pemudapedulianakyatim@gmail.com:Suhei97
Penhreaksmey1@gmail.com:Smey1234
Pererasjulian@gmail.com:Tentacion1
Peruanamaldita14@gmail.com:Oliveralba18
Pesonakoi8@gmail.com:Qiyyamul13
Petalino292004:Qwerty132
Peter.aw.boom@gmail.com:whiskey080975
Phonekham:Z
Phonnlattyoneoo@gmail.com:ChawSuHan121119
Phyothura12345@gmail.com:P1p2P3
Pian_alfiansyah:Bogor1234
Piksi_Esport:MobileLegen92
Pikulpekok12:Mustofa12
Pinggear1233:Code9123
Pipiarfianti001@gmail.com:sayalupI
Pitymax:Alisher1441
Pixellate27@gmail.com:Peler1200
Pleum070647:Partthakron
Plokpok:Plokpok
Polosanakun320@gmail.com:Dhafa2006saja
Poloy001:Poloy001
Popolkupa30:Kem9904
Potangina234:asdfghK1
Prastio5678@gmail.com:Bajingan81
Pratamafajar945@gmail.com:Prfajarjelek945ss
Prodigy_09:Mikechumawar15
PuDa007:Chesda
Puputnoviar@gmail.com:Andika07
PysicoS:Arrogante15
Quas_Trionis:Rkenneth01
Qudyns03:Taqiuddin03_
Queendindaa_:@cloud_arthouse Subscrib ArtHouse Cloud 2023  https://t.me/hfTW5AYawTo4NGJi  or V70
Queendindaa_:UNKNOWN or V70
Qwert1234@gmai.com:Qwert1234
Qwerty67_76:QWErey
Qwqqwppe123:Qwqqwppe123
R4yh4nv1n:R4yh4nv1n
R5Tokyo:Ikakaty2623
RBLXGTY1:Rasyaganteng
RE:X1ded:Hs7IICMUV5--L_k
REXY_123:Regyan123
ROSEANN123:giAN16
ROSEANNEVANGELISTA25:Roseann18
ROSEANNEVANGELISTA:Roseann18
RRQDEMON078:Colahaha89
RUPSAN_GURUNG:Rupsan123
Race2006:mujaHideen
Racen1930:Racen1930
RachelRachelRachel:RachelRachel
Raffrappz@gmail.com:Rafligrooz089123
Raflisetiawan566@gmail.com:P2uuSDi9zJ5LisV
Raflisetiawan@gmail.com:P2uuSDi9zJ5LisV
Rafly salim:P@C4XSl4n3R9-BR
Rahadianhanif98@gmail.com:Alvern123
Rahadianhanif98@gmail.com:Rahadian123
Rahmad14:rahmad12345
Rahman_tgr:Syazhira0052
Rahmanrasyid1922:rahman0510
Raihan202004:Raihan202004
Raihan_0510:Raihan05
Rais17zhd@gmail.com:Rais17011995
RakRakaframudya@gmail.com:Kul1nt4ng
Ramesh_amathalai@yahoo.com:SivaNair
Ramiel.velocity@gmail.com:Ramiel30
RandalNorm:123456
RandomICE:Oudom123
Raniell.paul.cordero@gmail.com:Rainnyy
Ranielvelarde:Ranielalthea123
Raquelespiritu96@gmail.com:Ralfpogi09192008
Rasyarasyid70@gmail.com:Rasya001
Rathwa:Pranav
Ravideep788@gmail.com:Ravi788
Ravuth676767@gmail.com:Zann27
Ray:ShotoTo
Raycraft1153tm@gmail.com:Bernafas
Rayhankhariz@gmail.com:Arsenal1886
RealSpectre:Jericho55
Rechekingmacapobre@yahoo.com:Inalidpassword
ReconcorpsTong@gmail.com:kanelAnd145174
Redface123:Face123
Redi89:Sitianjani123
Redigaming112233:Redi12345
Redo.alhiklas@gmail.com:Stedy2388
Ref.hyper03@gmail.com:Egi1234567
Reggietzy:Rm030119
Reginana:Rifqipastibisa
Reikhserver3:Reikh123
Reivengalila05@yahoo.com:Kensington231616
Rejahanafi131002:Hanafiah234
Relucifer:Atallaganss14
Renaldippratama@gmail.com:Orisasativa11
Rendyca12:Rendyca415724
Renejayfuego@gmail.com:090909
Renjuudn@gmail.com:Wildjoki177
Rennalyn_24:Rennalyn24
Renzcarloroque24@yahoo.com:Roquerenz24
Renziemontemayor25:Renziemontemayor25
Renziemontemayor:Renziemontemayor
Renzovgamer@gmail.com:Moontongamer123456
Renzvansucaldito:Amielpangit123
Retafos:Razielgamer55
Reveur:12
Rexelle111213:Rizza111213
Rexyyareblackz:Rotilapis99
Reynaldihanafi1@gmail.com:Sanqua1111
Reyster123:ReysTer
Rhanielfritz12:Rhaniel
Rhavdariel:Rhavdariel
Rheyhan:Rheyhan
Ricko2410:Rickoswag2410
RidOnesyyd@gmail.com:Whan12327
Rideant2:Ajipamungkas1
Ridwansquad42@gmail.com:Rindaman
Ridwansquad70:Rindamanz
Rikiwsetiawan0208:Setiawan0208
Rinaldi.gg40@gmail.com:Siriyu123
Rioagungsetyawan@gmail.com:Rio16061992
RiskiMulyoAdi:Muliadicantik1
Riskimulyo:Muliadicantik1
Risolical123:Risolical123
Rivanzconejos13:Rivanzconejos143
Riyannurzali:riyan123
Rizanudinrizaza27@gmail.com:Rumahmewah124
Riziqmaulana2001:MhmdRiziq13
Rizkikur123:Bismillah123
Rizkiriandi:Opikontol2002
Rizuhime:O1UuiJrvktJI@jJ
Rkusumapr:Akuanakindonesia
RobertJohn:Robertjohn1999
Roberttobil6:Amboyz
Rochellelove:LongLong
Rogin12:roginJAMES
Rokur0o:Ggdaytoyt
Rolandsawing@gmail.com:Saweng
Roldha26@gmail.com:Ineedyousteff
RomadhonFirdaus61@gmail.com:Romansa
Rommelsurco@gmail.com:Mel12345678
Ronin2009:Roninmobile2009
Ronnelmanguera07:Ronnelmanguera22
Ronnie:gBn75K3vL-nXtZl
Ronvanly28:Ronvan2003
Rosal_jaramilla:September30200
Roselincastilano@gmail.com:Cata1719
Rosgamerph90@gmail.com:Rosgamerph90
Roththa99:Rotha2002
Rozhan.hosseini@gmail.com:Mahdi2
Rozi83999@gmail.com:@awasbabanglodon
Rq Mubaroq:aT8ldX5tEs_1gPz
Rreeroo011@gmail.com:Mamass991a
Rsya98190@gmail.com:Bebek247
Ruangngobroll@gmail.com:Sido3lsaja
Rueiivy:Deadinside41167
Ruiihan_:Pr4t4m416
Ruonbunra24@gmail.com:Uith321
Rvcondes@yahoo.com:Rhysifan123
Ryan2411ardi@gmail.com:Ardiansyah20
Ryancastillano09@gmail.com:Ryancastillano09
Ryl33st3v3n:Ryl33st3v3n
Ryoaja200@gmail.com:Nadacinta1231
Ryuuontimeline@gmail.com:PTtwaltar123
Ryzeempl:Nathe277
SDNSKL_01:Jakarta1
SFGWATCHER:Uaredead
SINKEVINLEFE46@gmail.com:061004Mobile
SINKEVINLIFE46@gmail.com:061004Mobile
SMK_YANISBA:Yanisba123
SMK_YANISBA:rohmanuye1
SNowFox:fuckIN369
SOOSzaza:TUKTUKgg123
SPADES_ARMY:70809043172006Aa
SPainghmuekhant:786647475
Sabryana18@gmail.com:sabb0609
Sadammuh1@gmail.com:Khadafi45
Sadikalabdel@gmail.com:sadikal2004
Saepul_uye:Surya1207
SakhiFaiz:Sakhi2708
Salm54:SaLmvirnel54
Salmvirnel54:SaLmvirnel54
SamAndreiCalipayan:calipayan16
Samehayman108:Azulakujo108
SampathSam925@gmail.com:Sampathsam925
Samuelynpalacio@gmail.com:Samuelyn11
SamuraenyQue@gmail.com:Kuuhaku
SamyelGaming:Trishamayang
Sanchirs918:sanaach2004
Sandoman17:Martin263448
Sandraa12:Brionespagod1
Sandrean146:Sandrean1928
Sandyeka6@gmail.com:loveibuayah
Sandyrahman93@gmail.com:Langgan21
Sangatlahlaper40@gmail.com:Raihangns
Sangsunan104@gmail.com:Adliyagami0104
Sanithu52:Sethuli2020
Sanjim:Sanjimsan101625
Sapana.thami1@gmail.com:Sapana123
Saputrarif012@gmail.com:Plokijuh12
SarSmurf15:Pinterdewe15
Sarah.Mula@gvcgroup.com:Larah15
Sarirahayu98.com@gmail.com:Cayangimut99
Sasa270707:Sasa270707
SasaAhmed404@gmail.com:Mostafa
SasaGemoy27:Sasa270707
Saskiaptri897@gmail.com:083800
Sategule22:Sategule22
Satrio345:Satriolanaaa
Sauqi15:Hmd15122
Sauqi15:Saya123456
Savana82000@gmail.com:Theravada1
Sawaungmoe989:Sawaungmoe989
Sbr8951@gmail.com:samuca123
Sc.fa95:Flyra0914
ScayneWorld:12345678912345Aa
ScayneWorld:ThelittlecaliphS
Schiavinorichard:SchiavinoAndrade171197
Schlyzer:Angger061187
Scoutmieftach@gmail.com:J8f7@fni
Sdamorte918@gmail.com:Bh7433
Sdat70:LISAWIB
Sean728212:77777778
Sebastianzfabian@gmail.com:fabiaN11
Sekaraminah04@gmail.com:ayamjago08
Selmarsel:Zilong123456789
Semual.s:201973
SemurJengkol55:Bapak0817221533
Senanghafid@gmail.com:Masfufah11
Senioritos01:Omsimpars
Senyuminaja:Azka260133
Ser_glen@yahoo.com.ph:3Legance
Seseyyy:Linds3yM4e
Sexylady994:MARA10
Sfarhannaeem@gmail.com:91215225Sf
Sh4dowWar:B_S93n@JkDwLSkn
Shabrina20asti:Shabrinaasti1234
Shadowzinh13@gmail.com:amandaA2
Shaez.azizi9290@gmail.com:Ira123
Shahadat5250:Shahadat808
Shahzizi1212:z98100158Z
Shai05:Shahaina
Shamilimam123@gmail.com:Imamshamil123
Shamry_kian:Kian003
Shamsushaikh99@gmail.com:shamsu9967
Shandeleley2:Komaiwa11
Shannedalangin:goLdenscenery
Shantia:Shantida84
Sharmine.lumhod11@gmail.com:J0wella
Shawteaaa64@gmail.com:Chanbalongaandrade
Shelder01:amandaA2
Shelemba:Zaq13610
Shendokezuku@gmail.com:Altheamyloves1
Shimmyya69:MashiroShiina07
ShinThantHnin1@gmail.com:Raizo123
Shinta.dewi050799@gmail.com:Shinta123
Shintialaurensa02@gmail.com:TiaAja
Shiro31:Tigerr
ShizuneEtro:MmM1221
Sholihhidayat123@gmail.com:tohari123
Shresthaavarna939@gmail.com:ASHRe123
SidikUmum 12:SidikKurniawan1
Sien Willson:ue1t2YA248CXM
Sikurniakawaii@gmail.com:Sikur2412
Silviaayaaa:Tegalombo
Simm0ne:no1Alice
Sinkevinlife46@gmail.com:061004Mobile
Sinonzahran@gmail.com:Sinon123
Sirojuljalal72@gmail.com:Jalalumam2000
Sisikjancok@gmail.com:dimassetiashop12
Sitirahmah0115@gmail.com:Bismillah01
Siyatra:Siyatra7979
Sjunbowoi@gmail.com:Kaini09
Skinner321:Prince123
Skinnypersonv2@gmail.com:Prama110509
Skyb8890@gmail.com:Djisamsoe87go
Slow123:Ea1234
Smittyjkt12@gmail.com:Dimasqtink18
Snowmok9:Niksyazwani96
So:ckreto052483
Sofyantriwahyudi28031@gmail.com:Goldengdragon2000
Sokleng.kivi12@gmail.com:Sokleng23121990
Soldaccount:Soldaccount50
Soldaccount@gmail.com:Soldaccount50
Sondala16@gmail.com:sondala16@gmail.com
Soniirawans17@gmail.com:SOni160796
Sonweerawat@gmail.com:long4545
Soohyunkim688@gmail.com:Deva1234
Soojungjunh@gmail.com:Soojung
Soonpivi@gmail.com:Menwa802
Sophialovemakmak:Sophia111
Sophialovemakmak:UNKNOWN or V70
Sosostikeralahakbar:F
Sotahmed100@gmail.com:theDarkness1
SouLPoweR:Lw3wNSAujEStzUA
Sovanrotheang5854@gmail.com:Roth180105
SpudWasTaken:KenN090909
Ssrnjm@gmail.com:Uwuwuwluvu
Starscream:Starscream2
Stevanuspramana11:12345678asdfg
StickSensei:Psalm13
Stockfey90:Selentod
Stok776:rizky123@123
Straykaito@gmail.com:Sherlock
Stronglover:kataniboba2012
Subeng1933@gmail.com:Memek1234
Suciaferlyn123@gmai.com:12345ferlyn
Sugar9029:Miyamizu9029
Suhendidedi703@gmail.com:Deri261094
Sulangamerz@gmail.com:Kipel25
Sumahang:Kitaira
Sunansittah104@gmail.com:Adliyagami0104
Suraj1231:83287181599093547610
Susansantos070566@gmail.com:Jaysan050804
Sushantbhattarai948@gmail.com:Sushant
Sutsanlahtaw:Sut3112000
Suumwd2018@gmail.com:609929
Svheerrrrr@gmail.com:Hilalra
Sw_500@outlook.com:Alex221000
Swan pyae sone htet:n01T-ASL85-Ie
Syahdilaskategirls@gmail.com:Syahdila29
Syahrialashar04@gmail.com:Kendari77
Syaifulsuci:SyaifulSuci
Syakilaalmera18@gmail.com:280507Aa
Syakir140708@gmail.com:syakir8070
Syarifhidayatullahh123456@gmail.com:Amanah123
Syinahabib@gmail.com:Widjanarkoo
Syncmasterlilkid@gmail.com:Azzd05@xczh
Syrex_:Hahagagoka
TR4PZZ:Trap123
Taffarel.cri@gmail.com:aVq8s0q5
Tahirpro33:Ertaneskebruda98
Tamarostg@gmail.com:Philio1234
Tampan.wandi@yahoo.co.id:Rendi01
TangHeng:Bbheng
Tanginamogagotanga:Ivanpogi
Targyi:Targyi123
Targyi:Targyi123111
Tarunaprasetya02@gmail.com:Taruna01
Tasiaeda0711@gmail.com:pinochio97
Tasker1467:LCLnv22x@A2x0Wj
Tatumjayson97@gmail.com:Kyrieirving
Tee.banda@live.com:161086Tee
Teguhcans321@gmail.com:NOREFFTQ
Teguhimanullah92@gmail.com:Teguhimanullah123456
Tehsemesta:Ikit12345
Teriojb@gmail.com:dongding143
TerrelCal:Terrel
Tezhar3:binggowanieund27
Tezhar3@gmail.com:binggowanieund27
ThanMyint:Than050675
Thanakorn11q:0941156291
Thanakorn11q:kai09411
Tharngelay200:0658208351love
Tharngelay200:Oakkarsoe2004
TheaIrish:PassWord
Theafayedes@gmail.com:Altheaqty23
Thegunda123:Thegunda123
Theojaa0:Terserahko01
Thesar.kampus:Vespapx87
TheusZ:Thevisitor143
Thifalrafiandra:12Maret1985
Thitsar2052@gmail.com:kokoyyyy98
Thomas2:Thomas1
Thuraaung2234:Tthuraaung2020
Tikyang:Tikyang0302
Timplankton14@gmail.com:Anambas1994
Tirso.bernardino1970@gmail.com:Andreaespenido30
TiuMagnum:121264@Rafael
Tjapchai:EmangLambat
Toblad:Kgoa225145
Tokoplazastore@gmail.com:Bodoamat123
Tomat:tomat
Tomcruisefake5207@gmail.com:2Anakkembar
Tomidwisaputra09@gmail.com:Lupasandi00123
Tonaypubg2@gmail.com:Tonay2022Ilma
Tony:BCEBYefIj77lWF
TopLokalSabe:Lokalae1212
TopLokalsabe:Lokalae1212
Topantokwes@gmail.com:Turangga97
Toshipro@yahoo.com:Toshidaks1007
Tostkza:0623198930Mm
Totomane152@gmail.com:akosipopot2204
Toxxx.ipankz@gmail.com:ipank0991
Trickbikash24:Ni568363
Triilest671@gmail.com:D9e3b2i0
Trinlixx:dathakha123
Tsanatsurayaputri85@gmail.com:Tsana8596
TsuyoshiAbendan:Rhisky1023
Tzroman2@gmail.com:T89240548h
UGGAMEindo16:Uggame@130
UNKNOWN:11112004mymy
UNKNOWN:15A50f32
UNKNOWN:23102017Wlm
UNKNOWN:ARIL12345x
UNKNOWN:Alvin787
UNKNOWN:Amat1234
UNKNOWN:Amirulff12
UNKNOWN:Andengmalago123
UNKNOWN:Aq1sw2de3
UNKNOWN:Bancaribe09
UNKNOWN:Bandeg1808
UNKNOWN:Bautista1
UNKNOWN:Benpamir
UNKNOWN:Brianrafsanjani170593
UNKNOWN:Brunoaraujo321
UNKNOWN:CaLlAtE
UNKNOWN:Cerberus1122
UNKNOWN:Darkangel312
UNKNOWN:Donpadon13
UNKNOWN:Eliecersthiven123
UNKNOWN:Emerson2020
UNKNOWN:Enkush1994
UNKNOWN:Esqueci2020
UNKNOWN:Evaristola12
UNKNOWN:GERArdo321mjBB
UNKNOWN:Greyson2320
UNKNOWN:Hermano12
UNKNOWN:Jenside15978
UNKNOWN:Junjie2014100786
UNKNOWN:KEstrel88
UNKNOWN:Laruku123
UNKNOWN:Mark0709
UNKNOWN:Marvin5515
UNKNOWN:Mg1979305
UNKNOWN:Minwaithein77
UNKNOWN:Mobilepass1
UNKNOWN:Nunikun.02
UNKNOWN:Pame123456789
UNKNOWN:Pass043091
UNKNOWN:RIOjuverdi17
UNKNOWN:Ramon1997
UNKNOWN:ResetPass123
UNKNOWN:Secure1
UNKNOWN:Ser201
UNKNOWN:Sloane012799
UNKNOWN:Teamonoha123
UNKNOWN:Yeiner123
UNKNOWN:Yogik7280
UNKNOWN:Zawzaw11363
UNKNOWN:Zen69420
UNKNOWN:bbg26101432A
UNKNOWN:hiraimomo
UNKNOWN:thEproPlayer145
UVSama:tK3zuUF1q1JTn
Ubetterranbits:RANbits
Uchicha1234:Uchicha1234
Ucoksetia67@gmail.com:Wahyusetiaprayoga
UdD4M15:nOpAiNoGaIn
Udinkece330@gmail.com:1niUdIn33
UhUuuu:Rioandre30
Uhtjaya:andigans24
Umairrehman94990:Wolverine03444
Umarzaed2008:umarzaed2008
Umayaccount:Quilaquil20
Umaysayomoonton:Umaysayomoonton
Umxt4835:Um4809
UnknownXFire:Pokerface68
Utmanmuhammad0@gmail.com:Demont90
Uugiiuugii0212@gmail.com:2002Bilgee
Uyeyy789:Rampage
VIKTORERS:DOuBL1NG
Val3nt1naStar@gmail.com:Pd3rson123
Valen091:Daniel2009
Vampirevamilly1@gmail.com:Rapperz9
Vanclesio_Santos@hotmail.com:894675
Vanclesio_Santos@hotmail.com:Gatoso157
Vhin03@yahoo.com:Vhin03
Vhiraaccount@gmail.com:sabilikhoiron10
Vicky.fitrio95@gmail.com:Vicky990
VickyFadillah97:ApaAjaDah123
Vidyasagarchauhan484@gmail.com:Navesagar123
VilanAmatir:sutradada18
VinabeciI222:Becilvina22
Vincejesonlestino12@gmail.com:Vincezz01
Vinz2ruu:Vinzanakbaik
Virgin26:Paradise1
Visalboyloy123456:Visal123456
Vitor_dfs99:991950761999vvv
Vitor_dfs99:Vittordfs99
Vitorgabrielcosta04:Babaleu04
VonDayao:Dayao10
Voundis:0
Vpnuser:Vpnuser345
Vreegard62@gmail.com:viden290898
W171m@yahoo.com:Zasd4321
WILSONFERNANDOSDM@GMAIL.COM:Bengkali5
Wa200021@yahoo.com:9breaK
Wa2LLEt:ketz-@-_@e
WagBPPlease:Tanginako10
Walkerjuhendy@gmail.com:Geoprak2310
Walterimperiumao@gmail.com:Pablopjtasddd123
Wanpasaman@gmail.com:Birdcity1
Warmanaditya333@gmail.com:Batavia1234
Warmanaditya333@gmail.com:Warmanaditya333
Weckelsihotang@gmail.com:Sheilaon7
Welinalavizares21@gmail.com:Welina48487567
Wendang0823:Wendang0823
WeslayWijaya@gmail.com:Spectregt7
Whatatopatops:Jamessoh29martin
Whitebutterfly2901@gmail.com:aripfina
Why_Rimuru:AskaAska
Wibisana797@gmail.com:Ynwa1994
WijayaDwiSaputra2500@gmail.com:Hanjtukjaya2500
Wikidrag21@gmail.com:Crttos15a
Wildan1603:Wildan1603
Will.wijaya88@gmail.com:William1
William01paredes:Kyle12
Williamkylelaredes@gmail.com:Kyle123
Willianmua2@gmail.com:w09049512W
Willruelelel:Jamessoh29martin
Winkybagus12345:Winkybrayy2021
Wipaldie09:wi12567hbjjknh
Wizardloredo17:Romarloredo12
Wking6430@gmail.com:Warlockking
Wsjsnsnsnsn:OUT2562Rw555
Wwduansyah@gmail.com:Namikaze21
X:Xyvllee123
Xaviergrumez:Xaviergrumez19
Xian_123@yahoo.com:Bleach1993
Ximxn_hxqxxm:4imanHxqxxm_
Xinten:Q2e4t6u8o0
Xiyor88:Nicolas15
XsirenX16072005@gmail.com:Sirensorrento
Xyvllee123:Xyvllee123
YEOMNUTDANITH0099@gmail.com:Yimnutdanith0099
YTfirmankhae:Wajibsubscribe
Yacin:Anica123
Yafi_81204_nm:YafiYasminYusuf
Yahrah.zameerah@gmail.com:Mahalko1245
Yahyaalabrarzakaria@gmail.com:Z4k41214
Yanpaingoo001:SweZin12345
Yantityz:Fauzanz
Yatilwin8872:Yatilwin8872
Yddota2@gmail.com:4812Dota2
Yekimazda1130@gmail.com:Yekhimzar1130
Yemyintaungyemyintaung01@gmail.com:Qq12345
Yespohakahako@gmail.com:Aviera12
Yhamhez96@gmail.com:Yhamhez96
Yhan92:Yhan1992
Yhatchund33@gmail.com:Jacky767
Yirenn:Akumanusia
YoYosensa:Sagar9681
Yobe0611:YHOebe06123
Yodahyuk:Arijaya12
Yogibagus120:Aisha200700
Yohanes latu:lx-WuG@d857TZw
Yohm621@gmail.com:Stursul1
Yoksponce@yahoo.com:Gastubing1979
Yolomolo2199@gmail.com:Jajaja21
Yoonieris:RNSc2809
YosYs:zFABu2BRw3-PcBE
Yosia150399:Twentyone1503
Yosia150399@gmail.com:Twentyone1503
Yoxdims16:amnan1605
YudhaAja:RetaAja
Yug11dark@gmail.com:Leo911833383
Yummmyte@gmail.com:Chyra45678
Yusef_Nans17:QueenOfTiktok
Yusefadel97@gmail.com:YUSEF13lma
Yusri13@gmail.com :Yusri12345
Yusufahmet.unlu1:Yusuf06fhm37
Yusufahmet.unlu1@hotmail.com:Yusuf06fhm37
Yuzuke.:zAnEPro
YzyZiLONG:UHPSIBqSTS8o_9t
ZURENTAGAS:Tagas44
Zaemetyoar:xXxSLA2YuWU-oXJ
Zakariaans.21@gmail.com:Hasan12345
Zarah28_:zArah279
Zaw043585:115467Zaw
Zeanha338:Zeanha123
Zed1233:09462160943@drai
Zed380:Dra1v3n1233
Zenitsu_220:Okgila123
Zeroichi76@gmail.co:sabarkontol12
Zeroichi76@gmail.com:Sabarkontol12
Zeromoooney1995:Administrator1
Zeromoooney1995@gmail.com:Administrator1
ZeusBG:Zeus016610
ZiadAyman81@gmail.com:Ziadayman123456789
Zikri_Auladi:DllA2409
Zilong30111990:Qwerty12345
ZoeeeeeeY:Babyzo383
Zskumbag1@gmail.com:Greyson23
Zuhel321:Dejavu18
Zulfakarbobo@gmail.com:Faza10
Zulfi31:Bandung31
ZuluChanML2021@gmail.com:Cue825pi34
ZupperZ233@gmail.com:B60000cel
Zuren66:Zurenbill88
Zurenbill:Zurenbill
Zynoviazen@gmail.com:Aeonkaizer_09
Zyrcarlaberola:Karina360
Zyrex:Prikitiw12
Zzmarcozzz:Marcos01142
a.g.j.2.9.4.7.k@gmail.com:Sktc1234
a.lvaro_05@outlook.com:LIZTKM666kis
a.mubarok25@gmail.com:amba
a.muzakki66@gmail.com:Askybar863
a.n.i.t.i.m.e.02@gmail.com:a2b0d0u3lAziz
a.reynolds1337@gmail.com:0511Br0719
a4792526@gmail.com:Amil221
a7medozo2013@gmail.com:01008771931Moody
a:a2b0d0u3lAziz
aLlofintsreET@live.com:_-@_mp12
aNjoywkwk8844@gmail.com:Yo284673915
aa01102017878@gmail.com:ss01127598916T
aa6921142@gmail.com:Pasker1980
aaaaaaaaaab1010@gmail.com:NANGmw147
aaaarrrvva2210@gmail.com:Aaaarrrvva123
aaaawari3@gmail.com:Awar823378
aaahsan92@gmail.com:1995AhsaN
aaatry877@gmail.com:Chuk0712
aabdoellas@gmail.com:MLaabdoel
aaddmmiinn217832@gmail.com:Kapaswaw123
aadityakumarg07@gmail.com:Sarika2009
aaer201195@gmail.com:Molecula01
aafarra7@gmail.com:Awan1234
aafarra7@gmail.com:N/A
aahlyia@gmail.com:Blow0819
aaihcannar@gmail.com:Yoon1996
aakhairum:Ruangkosong
aalaja37@yahoo.co.id:22112012Aa
aalaja37@yahoo.com:Bandulu1
aalannajmul@gmail.com:Todraal12
aalgua460@gmail.com:FAIS7254akhmad
aalkharazi300397@gmail.com:Anjirkm14
aalleejja510:Aalleejja510
aamonkgamer@gmail.com:44693310998
aamonwtf@gmail.com:112SAcM911
aanaprilianto04@gmail.com:16102Kk20
aandari50@gmail.com:asy031011
aanindrawan302@gmail.com:Anjeng2389
aansyukran23@gmail.com:Syukran230699
aanthena182@gmail.com:rudi080298
aanyoibrooo@gmail.com:Tailasumu1
aaqilroslan21:Aaqil21gay
aaravdahiya225@gmail.com:Aarav12345
aariemarie123@gmail.com:Archi1114
aaronborceliz@gmail.com:HAHAHAaaronpogi
aaronlarioza2012@gmail.com:chuchay_kambal
aaronmadera4@gmail.com:Aaron09098462571933
aaronmiguelbasilio@yahoo.com:aaronLOVEedziel
aaronwilkinsramos@gmail.com:Awr09231985
aasu38654@gmail.com:THEBLUES24
aatstok1@gmail.com:Akhtar54
abaglechbai@aol.com:R3khi3
abanghedar@gmail.com:Darderdor123
abangsaleh1919@gmail.com:Abangsaleh123
abangtsabit638@gmail.com:Tsabit123
abangtsabit638@gmail.com:abdahkelas73
abarquez389@gmail.com:Mark14
abarquezjosephine312@gmail.com:Seo111333
abayayy262@gmail.com:Hizkiaa12
abayonjulius1@gmail.com:Julius16Abayon
abbeychetdawn@gmail.com:132935Kyrieedd
abburgosjr@gmail.com:Allan12345
abbyarsyil179@gmail.com:Abbyfarahcavi
abbypadilla941@gmail.com:Ronald010
abdaldul064@gmail.com:Abdal064
abdalla.gaze.art@gmail.com:Gazegaze93
abdallaadel1b2@gmail.com:502000Boda.
abdallah545hdh@gmail.com:HakimAbdullah15675342
abdallanassar3@gmail.com:Abdalla1122
abdbare033:A0563877971z
abdbare033@gmail.com:A0563877971z
abdelalveiro7124:soyabdelalveiroquiquinte
abdelbaset183@gmail.com:Error1888
abdelrahman.krafta@gmail.com:AbDo12345
abdelrahman22a3@gmail.com:Abc123
abderahmaneamrani01@gmail.com:Azerty2004
abdilah.m.354@gmail.com:Byhaqi123
abdilahsetyoaji3@gmail.com:Arpansa86
abdilbarihabib@gmail.com:H4131131sn1
abdillahsiddiq660@gmail.com:Bukbiba1
abdinegara:010311abdiharueko03042010
abdinugrohoseptyan@gmail.com:Ayudiainara1
abdlmanapov:98799899Kek
abdoahmed19999988@gmail.com:Buuuiw
abdoahmed19999988@gmail.com:ZCV
abdohyper34@gmail.com:011Abdo4474758
abdomrm2017@gmail.com:Abdomrm1998
abdonhazeljoy@gmail.com:Hazeljoy098
abdoulaye.alu@gmail.com:AAbbll11
abdqazzuya22@gmail.com:Qayyum123
abdr520fez@gmail.com:Aa387387
abdul.azizmanan99@gmail.com:Aam230898
abdul.gani020388@gmail.com:Halim1710
abdul.madjid1102@gmail.com:Vitachrn1
abdulali4596karim@gmail.com:Zubeiddah01
abdulalif5546@gmail.com:DindiNgAl1f
abdulazim230807:26397556
abdulazim2308@gmail.com:Azim2308
abdulazizmahmudov01@gmail.com:a2b0d0u3lAziz
abdulbakiyesildal57@gmail.com:Eyopro123
abdulgani.ac.pkd.pnj@gmail.com:Halim1710
abdulhadinedoechi@gmail.com:Alfauzi74
abdulhafiz_suip911@yahoo.com:Pokabu017
abdulkhumar08@gmail.com:Rendeldelosreyes29
abdulkodir7998@gmail.com:Pemalang00
abdulla7500@live.com:A0508969787a
abdullah.salah.9009@gmail.com:Abdullah99
abdullahhacker008@gmail.com:motomotomoto008
abdullahrahmat70@yahoo.com:Naenjeng11
abdullahsajid70@gmail.com:Pakistan55
abdullahxdms@gmail.com:DMSx2002
abdulmendanakay@gmail.com:mendan27mendan
abdulmujibelmoehammad06@gmail.com:Aa06061996
abdulrazegh.alikuzaei123@gmail.com:Aliku1361
abdulrehman123:SweetHome67
abdulwahid7790@gmail.com:Doelpoenya7790
abdurr12@yahoo.com:Arn12345
abdurr12@yahoo.com:Moba12345
abdurrafy01@gmail.com:Chandportrait011011
abdurrahimkale0@gmail.com:kale34kale38
abdurrahmanhsm@outlook.com:Potuk2628123
abdussalimroyyan@gmail.com:Royyan1
abednegogunawan88@gmail.com:TimothyAG10
abeguiris@upcmail.nl:Ktrkyz1211
abekbrmbm@gmail.com:Abekbrmbm39
abel.agustin21@gmail.com:Belmira1221
abel258karseno@gmail.com:EsTehPnas25@
abel92.gomez@gmail.com:Sample92
abelfauzi67@gmail.com:abel123
abelita1307@gmail.com:Abelitaaa13
abellanosa.brian:Kakie1
abellanosajohn0214@gmail.com:Botmaster02
abenrasta99@gmail.com:abenrasta99@gmail.com
abergidokristell@gmail.com:642020
aberionjhazel@gmail.com:Thadinne06
abhijeetsontakke23@gmail.com:Abhi5338
abhuiof@galim.com:1256349054
abhyasadwirahman@gmail.com:u4p7LUcV85C_-ZJ
abiajaudah24@gmail.com:Anindita24abi
abibtia@gmail.com:Habib54321
abidsegal@gmail.com:Faiqwaetok01
abigailjoy.sanjose17@gmail.com:Linamiano8
abighailyusra.@gmail.com:120606
abighailyusra@gmail.com:Gegemini
abim43310@gmail.com:abimanyu12321
abimanyu09@gmail.com:jarehgah021
abinajar:habibFN1992
abinsony34@gmail.com:Mylord12345
abiramaciptapermana401@gmail.com:Abirama234
abiyushidqi@gmail.com:Ha12yaiiii
abiyyu:shidqi:@12qwerty
abiyyuprakoso2@gmail.com:Paperline
ablatigojr:0509_kaye
abnernata.lima123@gmail.com:96452775aA
aboodalatresh0@gmail.com:Jam285jc0U
aboodana0599@gmail.com:J9bTEpwa@McJHp
abordoshammah@gmail.com:Dec1206
abraaorock2@hotmail.com:Carolyn2015
abrahamalejandrorodasriquelme@gmail.com:Abraham123456781
abrahamloly@gmail.com:Abraham9987
abral.keren88@gmail.com:Abrarmali12
absman@gmail.com:Absman12345
abuahmadzayd10:Inahamah1234
abudzar2544@gmail.com:Fari2004
abujakarta8@gmail.com:Jakarta8
abundorallen@gmail.com:Rieliand040710
abwkrs103@gmail.com:abdullah123456X
aby.wahyu09@gmail.com:Abyyw16
abypaniel@gmail.com:humanitycrap101A
abyssafq@gmail.com:Supralover02
ac.arasula@gmail.com:N3wPassword1
acadsocjohnmie@gmail.com:Acadsoc2018
acandawan96@gmail.com:Adel100999
acap:aiman54321
acapella181:Ikhsanjibril01
acappokemon@gmail.com:Acap1234
acars0220@gmail.com:A.car2001
accemel108@gmail.com:MallJackpot123
accitongkol@gmail.com:Sampobea
accml1294@gmail.com:Fikri2004
accplat0@gmail.com:Theking5rd
acecody1162@gmail.com:Hacker123
acekun0705@gmail.com:Acekuennn
acel.ninenine@gmail.com:Wele2wele
aceoccida@gmail.com:Alday030913
acepnugraha503@gmail.com:Girilaya14
acezy640@gmail.com:Izzy2203
acezy671@gmail.com:Yuzuke2202
achielle14@gmail.com:Achielle1014
achmad.arifin.mta@gmail.com:Sampaimat1
achmad.arifin.mta@outlook.com:Sampaimat1
achmad.tengku@gmail.com:Wahanasetan38
achmadamriidaman@gmail.com:BhienyonK
achmadarifinskom@gmail.com:Sampaimat1
achmaddani2001@gmail.com:Achmaddani12
achmadganimenawan@gmail.com:Bandung1933
achmadhafidz310@gmail.com:Ikancupang03
achmadisal48@gmail.com:Rasamalafaisal2022
achmadmahrus96325@gmail.com:achmadmahrus54321
achmadnajwanjibran@gmail.com:Jibran2008
achmadsanusi294@gmail.com:wajahbayangan
achmadsham@gmail.com:Ppnh101096
achmadsyarifarif2016@gmail.com:Syarifsangceo16
achmadwidi217@gmail.com:Rasta123
achmadwidi218@gmail.com:Rasta123
achmadwidi219@gmail.com:Rasta123
achmadzaenury2:Nury098760987
achrismast@gmail.com:Aramus86
aclondearly16@gmail.com:A1324777a
acloning6@gmail.com:Halamadrid93
acnobahar@gmail.com:87016996200Game
acopioneil@gmail.com:eXscythed3
acostanelson767@gmail.com:Cuteako123
acoyzubaidi:950223Yaya
actreki@gmail.com:Musisi123
aculabear@yahoo.com:Reginemendigorin
aculyo8@gmail.com:Pekanbaru1
aculyo8@gmail.com:baturaja123
acuziomlbb@gmail.com:Acuzio2011
acyieleyukki001@gmail.com:Erkan001
ad4854637@gmail.com:Sonty1
ad:Kampba
adabadiilisii@gmail.com:A7P4st74
adaliajeffrey123@gmail.com:adalia2001
adaliatan19@gmail.com:Wekwek2020
adallah089@gmail.com:asdfghjkl12.
adam.bouya02@gmail.com:Anawa3er
adamalroofi@gmail.com:bajingantea123
adamamirul1988@gmail.com:ADAMDEEJA1988
adambahri.sb@gmail.com:Adamlation2010
adambalingit02:Akosiadam123
adamboca77@gmail.com:Aaxx1909
adamdevidal@gmail.com:30Juni12321
adamhaha8788@gmail.com:larakelanai8
adamharis0748@gmail.com:AdamHaris123
adamjordans23@gmail.com:Cincauhijau0
adamkov__-A@protonmail.com:1606821251
adammuhriz2006@gmail.com:190538058070pP
adamnadzima@gmail.com:Naynayzh
adampunyananay:Sayangnanay
adamrafie.gtg@gmail.com:ThelittlecaliphS1
